Time,DecimalCode
1.571589e-08,17
3.532373e-08,17
5.493157e-08,19
7.453942e-08,21
9.414726e-08,21
1.137551e-07,23
1.333629e-07,24
1.529708e-07,25
1.725786e-07,26
1.921865e-07,27
2.117943e-07,27
2.314022e-07,28
2.510100e-07,28
2.706178e-07,28
2.902257e-07,28
3.098335e-07,28
3.294414e-07,28
3.490492e-07,28
3.686571e-07,28
3.882649e-07,28
4.078728e-07,28
4.274806e-07,28
4.470884e-07,28
4.666963e-07,28
4.863041e-07,28
5.059120e-07,28
5.255198e-07,28
5.451277e-07,28
5.647355e-07,28
5.843433e-07,28
6.039512e-07,27
6.235590e-07,25
6.431669e-07,25
6.627747e-07,23
6.823826e-07,22
7.019904e-07,21
7.215982e-07,20
7.412061e-07,18
7.608139e-07,18
7.804218e-07,16
8.000296e-07,14
8.196375e-07,14
8.392453e-07,12
8.588531e-07,11
8.784610e-07,10
8.980688e-07,8
9.176767e-07,8
9.372845e-07,6
9.568924e-07,5
9.765002e-07,5
9.961080e-07,4
1.015716e-06,3
1.035324e-06,2
1.054932e-06,1
1.074539e-06,1
1.094147e-06,1
1.113755e-06,1
1.133363e-06,0
1.152971e-06,0
1.172579e-06,0
1.192186e-06,0
1.211794e-06,1
1.231402e-06,1
1.251010e-06,1
1.270618e-06,1
1.290226e-06,2
1.309834e-06,3
1.329441e-06,3
1.349049e-06,5
1.368657e-06,5
1.388265e-06,6
1.407873e-06,7
1.427481e-06,8
1.447088e-06,10
1.466696e-06,10
1.486304e-06,12
1.505912e-06,13
1.525520e-06,14
1.545128e-06,16
1.564735e-06,17
1.584343e-06,18
1.603951e-06,19
1.623559e-06,21
1.643167e-06,22
1.662775e-06,23
1.682383e-06,24
1.701990e-06,25
1.721598e-06,26
1.741206e-06,27
1.760814e-06,28
1.780422e-06,28
1.800030e-06,28
1.819637e-06,28
1.839245e-06,28
1.858853e-06,28
1.878461e-06,28
1.898069e-06,28
1.917677e-06,28
1.937285e-06,28
1.956892e-06,28
1.976500e-06,28
1.996108e-06,28
2.015716e-06,28
2.035324e-06,28
2.054932e-06,28
2.074539e-06,28
2.094147e-06,28
2.113755e-06,28
2.133363e-06,28
2.152971e-06,26
2.172579e-06,26
2.192186e-06,24
2.211794e-06,23
2.231402e-06,22
2.251010e-06,20
2.270618e-06,20
2.290226e-06,18
2.309834e-06,17
2.329441e-06,16
2.349049e-06,14
2.368657e-06,13
2.388265e-06,12
2.407873e-06,11
2.427481e-06,9
2.447088e-06,9
2.466696e-06,7
2.486304e-06,6
2.505912e-06,5
2.525520e-06,4
2.545128e-06,4
2.564735e-06,3
2.584343e-06,2
2.603951e-06,1
2.623559e-06,1
2.643167e-06,1
2.662775e-06,1
2.682383e-06,0
2.701990e-06,0
2.721598e-06,0
2.741206e-06,0
2.760814e-06,1
2.780422e-06,1
2.800030e-06,1
2.819637e-06,2
2.839245e-06,2
2.858853e-06,3
2.878461e-06,3
2.898069e-06,5
2.917677e-06,5
2.937285e-06,6
2.956892e-06,8
2.976500e-06,8
2.996108e-06,10
3.015716e-06,11
3.035324e-06,12
3.054932e-06,13
3.074539e-06,15
3.094147e-06,16
3.113755e-06,17
3.133363e-06,18
3.152971e-06,20
3.172579e-06,21
3.192186e-06,22
3.211794e-06,23
3.231402e-06,24
3.251010e-06,26
3.270618e-06,26
3.290226e-06,27
3.309834e-06,28
3.329441e-06,28
3.349049e-06,28
3.368657e-06,28
3.388265e-06,28
3.407873e-06,28
3.427481e-06,28
3.447088e-06,28
3.466696e-06,28
3.486304e-06,28
3.505912e-06,28
3.525520e-06,28
3.545128e-06,28
3.564735e-06,28
3.584343e-06,28
3.603951e-06,28
3.623559e-06,28
3.643167e-06,28
3.662775e-06,28
3.682383e-06,28
3.701990e-06,26
3.721598e-06,25
3.741206e-06,24
3.760814e-06,23
3.780422e-06,21
3.800030e-06,21
3.819637e-06,19
3.839245e-06,18
3.858853e-06,16
3.878461e-06,16
3.898069e-06,14
3.917677e-06,13
3.937285e-06,11
3.956892e-06,11
3.976500e-06,9
3.996108e-06,8
4.015716e-06,7
4.035324e-06,6
4.054932e-06,5
4.074539e-06,4
4.094147e-06,3
4.113755e-06,3
4.133363e-06,2
4.152971e-06,1
4.172579e-06,1
4.192186e-06,1
4.211794e-06,0
4.231402e-06,0
4.251010e-06,0
4.270618e-06,0
4.290226e-06,0
4.309834e-06,1
4.329441e-06,1
4.349049e-06,1
4.368657e-06,2
4.388265e-06,2
4.407873e-06,3
4.427481e-06,4
4.447088e-06,5
4.466696e-06,5
4.486304e-06,7
4.505912e-06,8
4.525520e-06,8
4.545128e-06,10
4.564735e-06,12
4.584343e-06,12
4.603951e-06,13
4.623559e-06,15
4.643167e-06,17
4.662775e-06,17
4.682383e-06,19
4.701990e-06,20
4.721598e-06,21
4.741206e-06,22
4.760814e-06,24
4.780422e-06,24
4.800030e-06,26
4.819637e-06,26
4.839245e-06,28
4.858853e-06,28
4.878461e-06,28
4.898069e-06,28
4.917677e-06,28
4.937285e-06,28
4.956892e-06,28
4.976500e-06,28
4.996108e-06,28
5.015716e-06,28
5.035324e-06,28
5.054932e-06,28
5.074539e-06,28
5.094147e-06,28
5.113755e-06,28
5.133363e-06,28
5.152971e-06,28
5.172579e-06,28
5.192186e-06,28
5.211794e-06,28
5.231402e-06,27
5.251010e-06,26
5.270618e-06,25
5.290226e-06,24
5.309834e-06,22
5.329441e-06,22
5.349049e-06,20
5.368657e-06,19
5.388265e-06,17
5.407873e-06,16
5.427481e-06,16
5.447088e-06,13
5.466696e-06,13
5.486304e-06,11
5.505912e-06,10
5.525520e-06,9
5.545128e-06,8
5.564735e-06,7
5.584343e-06,6
5.603951e-06,4
5.623559e-06,4
5.643167e-06,3
5.662775e-06,3
5.682383e-06,2
5.701990e-06,1
5.721598e-06,1
5.741206e-06,0
5.760814e-06,1
5.780422e-06,0
5.800030e-06,0
5.819637e-06,0
5.839245e-06,0
5.858853e-06,1
5.878461e-06,1
5.898069e-06,2
5.917677e-06,2
5.937285e-06,2
5.956892e-06,3
5.976500e-06,4
5.996108e-06,5
6.015716e-06,6
6.035324e-06,7
6.054932e-06,8
6.074539e-06,9
6.094147e-06,10
6.113755e-06,11
6.133363e-06,13
6.152971e-06,14
6.172579e-06,15
6.192186e-06,16
6.211794e-06,18
6.231402e-06,19
6.251010e-06,20
6.270618e-06,22
6.290226e-06,22
6.309834e-06,24
6.329441e-06,25
6.349049e-06,26
6.368657e-06,27
6.388265e-06,27
6.407873e-06,28
6.427481e-06,28
6.447088e-06,28
6.466696e-06,28
6.486304e-06,28
6.505912e-06,28
6.525520e-06,28
6.545128e-06,28
6.564735e-06,28
6.584343e-06,28
6.603951e-06,28
6.623559e-06,28
6.643167e-06,28
6.662775e-06,28
6.682383e-06,28
6.701990e-06,28
6.721598e-06,28
6.741206e-06,28
6.760814e-06,28
6.780422e-06,27
6.800030e-06,26
6.819637e-06,24
6.839245e-06,24
6.858853e-06,22
6.878461e-06,21
6.898069e-06,20
6.917677e-06,18
6.937285e-06,18
6.956892e-06,16
6.976500e-06,14
6.996108e-06,14
7.015716e-06,12
7.035324e-06,11
7.054932e-06,10
7.074539e-06,9
7.094147e-06,7
7.113755e-06,7
7.133363e-06,5
7.152971e-06,5
7.172579e-06,4
7.192186e-06,3
7.211794e-06,2
7.231402e-06,1
7.251010e-06,2
7.270618e-06,0
7.290226e-06,1
7.309834e-06,0
7.329441e-06,0
7.349049e-06,0
7.368657e-06,0
7.388265e-06,1
7.407873e-06,1
7.427481e-06,1
7.447088e-06,1
7.466696e-06,2
7.486304e-06,3
7.505912e-06,3
7.525520e-06,4
7.545128e-06,5
7.564735e-06,6
7.584343e-06,7
7.603951e-06,9
7.623559e-06,9
7.643167e-06,10
7.662775e-06,12
7.682383e-06,13
7.701990e-06,14
7.721598e-06,16
7.741206e-06,16
7.760814e-06,18
7.780422e-06,20
7.800030e-06,20
7.819637e-06,22
7.839245e-06,23
7.858853e-06,24
7.878461e-06,25
7.898069e-06,26
7.917677e-06,27
7.937285e-06,28
7.956892e-06,28
7.976500e-06,28
7.996108e-06,28
8.015716e-06,28
8.035324e-06,28
8.054932e-06,28
8.074539e-06,28
8.094147e-06,28
8.113755e-06,28
8.133363e-06,28
8.152971e-06,28
8.172579e-06,28
8.192186e-06,28
8.211794e-06,28
8.231402e-06,28
8.251010e-06,28
8.270618e-06,28
8.290226e-06,28
8.309834e-06,28
8.329441e-06,27
8.349049e-06,25
8.368657e-06,24
8.388265e-06,23
8.407873e-06,22
8.427481e-06,21
8.447088e-06,20
8.466696e-06,18
8.486304e-06,17
8.505912e-06,16
8.525520e-06,14
8.545128e-06,13
8.564735e-06,12
8.584343e-06,11
8.603951e-06,10
8.623559e-06,8
8.643167e-06,7
8.662775e-06,7
8.682383e-06,5
8.701990e-06,4
8.721598e-06,4
8.741206e-06,3
8.760814e-06,2
8.780422e-06,1
8.800030e-06,1
8.819637e-06,1
8.839245e-06,1
8.858853e-06,0
8.878461e-06,0
8.898069e-06,0
8.917677e-06,0
8.937285e-06,1
8.956892e-06,1
8.976500e-06,1
8.996108e-06,2
9.015716e-06,2
9.035324e-06,2
9.054932e-06,4
9.074539e-06,4
9.094147e-06,6
9.113755e-06,6
9.133363e-06,7
9.152971e-06,9
9.172579e-06,9
9.192186e-06,11
9.211794e-06,12
9.231402e-06,13
9.251010e-06,15
9.270618e-06,15
9.290226e-06,17
9.309834e-06,19
9.329441e-06,19
9.349049e-06,21
9.368657e-06,22
9.388265e-06,23
9.407873e-06,25
9.427481e-06,25
9.447088e-06,26
9.466696e-06,27
9.486304e-06,28
9.505912e-06,28
9.525520e-06,28
9.545128e-06,28
9.564735e-06,28
9.584343e-06,28
9.603951e-06,28
9.623559e-06,28
9.643167e-06,28
9.662775e-06,28
9.682383e-06,28
9.701990e-06,28
9.721598e-06,28
9.741206e-06,28
9.760814e-06,28
9.780422e-06,28
9.800030e-06,28
9.819637e-06,28
9.839245e-06,28
9.858853e-06,28
9.878461e-06,26
9.898069e-06,25
9.917677e-06,24
9.937285e-06,23
9.956892e-06,22
9.976500e-06,20
9.996108e-06,19
1.001572e-05,18
1.003532e-05,17
1.005493e-05,16
1.007454e-05,14
1.009415e-05,13
1.011376e-05,11
1.013336e-05,11
1.015297e-05,9
1.017258e-05,8
1.019219e-05,7
1.021179e-05,6
1.023140e-05,6
1.025101e-05,4
1.027062e-05,3
1.029023e-05,3
1.030983e-05,2
1.032944e-05,1
1.034905e-05,1
1.036866e-05,1
1.038826e-05,0
1.040787e-05,0
1.042748e-05,0
1.044709e-05,0
1.046670e-05,1
1.048630e-05,0
1.050591e-05,1
1.052552e-05,2
1.054513e-05,1
1.056474e-05,3
1.058434e-05,2
1.060395e-05,4
1.062356e-05,5
1.064317e-05,5
1.066277e-05,7
1.068238e-05,7
1.070199e-05,9
1.072160e-05,10
1.074121e-05,11
1.076081e-05,12
1.078042e-05,14
1.080003e-05,15
1.081964e-05,16
1.083925e-05,17
1.085885e-05,18
1.087846e-05,20
1.089807e-05,21
1.091768e-05,23
1.093728e-05,23
1.095689e-05,25
1.097650e-05,25
1.099611e-05,27
1.101572e-05,27
1.103532e-05,28
1.105493e-05,28
1.107454e-05,28
1.109415e-05,28
1.111376e-05,28
1.113336e-05,28
1.115297e-05,28
1.117258e-05,28
1.119219e-05,28
1.121179e-05,28
1.123140e-05,28
1.125101e-05,28
1.127062e-05,28
1.129023e-05,28
1.130983e-05,28
1.132944e-05,28
1.134905e-05,28
1.136866e-05,28
1.138826e-05,28
1.140787e-05,28
1.142748e-05,25
1.144709e-05,25
1.146670e-05,24
1.148630e-05,23
1.150591e-05,21
1.152552e-05,20
1.154513e-05,19
1.156474e-05,18
1.158434e-05,16
1.160395e-05,16
1.162356e-05,13
1.164317e-05,13
1.166277e-05,12
1.168238e-05,10
1.170199e-05,9
1.172160e-05,8
1.174121e-05,6
1.176081e-05,6
1.178042e-05,5
1.180003e-05,4
1.181964e-05,3
1.183925e-05,3
1.185885e-05,2
1.187846e-05,1
1.189807e-05,1
1.191768e-05,0
1.193728e-05,1
1.195689e-05,0
1.197650e-05,0
1.199611e-05,0
1.201572e-05,0
1.203532e-05,1
1.205493e-05,1
1.207454e-05,1
1.209415e-05,2
1.211376e-05,3
1.213336e-05,3
1.215297e-05,4
1.217258e-05,4
1.219219e-05,6
1.221179e-05,7
1.223140e-05,8
1.225101e-05,9
1.227062e-05,10
1.229023e-05,11
1.230983e-05,13
1.232944e-05,13
1.234905e-05,15
1.236866e-05,17
1.238826e-05,17
1.240787e-05,19
1.242748e-05,20
1.244709e-05,22
1.246670e-05,22
1.248630e-05,24
1.250591e-05,25
1.252552e-05,26
1.254513e-05,26
1.256474e-05,28
1.258434e-05,28
1.260395e-05,28
1.262356e-05,28
1.264317e-05,28
1.266277e-05,28
1.268238e-05,28
1.270199e-05,28
1.272160e-05,28
1.274121e-05,28
1.276081e-05,28
1.278042e-05,28
1.280003e-05,28
1.281964e-05,28
1.283925e-05,28
1.285885e-05,28
1.287846e-05,28
1.289807e-05,28
1.291768e-05,28
1.293728e-05,28
1.295689e-05,27
1.297650e-05,26
1.299611e-05,24
1.301572e-05,24
1.303532e-05,22
1.305493e-05,21
1.307454e-05,20
1.309415e-05,19
1.311376e-05,17
1.313336e-05,17
1.315297e-05,14
1.317258e-05,14
1.319219e-05,12
1.321179e-05,12
1.323140e-05,9
1.325101e-05,9
1.327062e-05,8
1.329023e-05,6
1.330983e-05,6
1.332944e-05,5
1.334905e-05,3
1.336866e-05,3
1.338826e-05,3
1.340787e-05,1
1.342748e-05,2
1.344709e-05,1
1.346670e-05,0
1.348630e-05,0
1.350591e-05,0
1.352552e-05,0
1.354513e-05,1
1.356474e-05,0
1.358434e-05,1
1.360395e-05,1
1.362356e-05,2
1.364317e-05,2
1.366277e-05,2
1.368238e-05,4
1.370199e-05,4
1.372160e-05,5
1.374121e-05,6
1.376081e-05,7
1.378042e-05,8
1.380003e-05,9
1.381964e-05,10
1.383925e-05,12
1.385885e-05,13
1.387846e-05,14
1.389807e-05,15
1.391768e-05,17
1.393728e-05,18
1.395689e-05,19
1.397650e-05,20
1.399611e-05,22
1.401572e-05,23
1.403532e-05,24
1.405493e-05,25
1.407454e-05,26
1.409415e-05,27
1.411376e-05,28
1.413336e-05,28
1.415297e-05,28
1.417258e-05,28
1.419219e-05,28
1.421179e-05,28
1.423140e-05,28
1.425101e-05,28
1.427062e-05,28
1.429023e-05,28
1.430983e-05,28
1.432944e-05,28
1.434905e-05,28
1.436866e-05,28
1.438826e-05,28
1.440787e-05,28
1.442748e-05,28
1.444709e-05,28
1.446670e-05,28
1.448630e-05,28
1.450591e-05,27
1.452552e-05,25
1.454513e-05,24
1.456474e-05,24
1.458434e-05,22
1.460395e-05,21
1.462356e-05,19
1.464317e-05,19
1.466277e-05,17
1.468238e-05,16
1.470199e-05,14
1.472160e-05,14
1.474121e-05,12
1.476081e-05,10
1.478042e-05,10
1.480003e-05,9
1.481964e-05,7
1.483925e-05,6
1.485885e-05,6
1.487846e-05,4
1.489807e-05,4
1.491768e-05,3
1.493728e-05,2
1.495689e-05,1
1.497650e-05,1
1.499611e-05,1
1.501572e-05,1
1.503532e-05,0
1.505493e-05,0
1.507454e-05,0
1.509415e-05,0
1.511376e-05,1
1.513336e-05,0
1.515297e-05,2
1.517258e-05,1
1.519219e-05,2
1.521179e-05,3
1.523140e-05,3
1.525101e-05,5
1.527062e-05,5
1.529023e-05,6
1.530983e-05,7
1.532944e-05,9
1.534905e-05,9
1.536866e-05,11
1.538826e-05,12
1.540787e-05,13
1.542748e-05,14
1.544709e-05,16
1.546670e-05,17
1.548630e-05,18
1.550591e-05,20
1.552552e-05,20
1.554513e-05,22
1.556474e-05,23
1.558434e-05,24
1.560395e-05,26
1.562356e-05,26
1.564317e-05,27
1.566277e-05,28
1.568238e-05,28
1.570199e-05,28
1.572160e-05,28
1.574121e-05,28
1.576081e-05,28
1.578042e-05,28
1.580003e-05,28
1.581964e-05,28
1.583925e-05,28
1.585885e-05,28
1.587846e-05,28
1.589807e-05,28
1.591768e-05,28
1.593728e-05,28
1.595689e-05,28
1.597650e-05,28
1.599611e-05,28
1.601572e-05,28
1.603532e-05,28
1.605493e-05,26
1.607454e-05,25
1.609415e-05,24
1.611376e-05,23
1.613336e-05,22
1.615297e-05,21
1.617258e-05,19
1.619219e-05,18
1.621179e-05,17
1.623140e-05,16
1.625101e-05,14
1.627062e-05,13
1.629023e-05,12
1.630983e-05,10
1.632944e-05,10
1.634905e-05,8
1.636866e-05,7
1.638826e-05,6
1.640787e-05,5
1.642748e-05,5
1.644709e-05,3
1.646670e-05,3
1.648630e-05,2
1.650591e-05,1
1.652552e-05,1
1.654513e-05,1
1.656474e-05,0
1.658434e-05,0
1.660395e-05,0
1.662356e-05,1
1.664317e-05,0
1.666277e-05,1
1.668238e-05,1
1.670199e-05,1
1.672160e-05,2
1.674121e-05,2
1.676081e-05,3
1.678042e-05,3
1.680003e-05,5
1.681964e-05,5
1.683925e-05,7
1.685885e-05,7
1.687846e-05,9
1.689807e-05,10
1.691768e-05,11
1.693728e-05,12
1.695689e-05,13
1.697650e-05,15
1.699611e-05,16
1.701572e-05,17
1.703532e-05,18
1.705493e-05,20
1.707454e-05,21
1.709415e-05,22
1.711376e-05,24
1.713336e-05,24
1.715297e-05,26
1.717258e-05,26
1.719219e-05,28
1.721179e-05,28
1.723140e-05,28
1.725101e-05,28
1.727062e-05,28
1.729023e-05,28
1.730983e-05,28
1.732944e-05,28
1.734905e-05,28
1.736866e-05,28
1.738826e-05,28
1.740787e-05,28
1.742748e-05,28
1.744709e-05,28
1.746670e-05,28
1.748630e-05,28
1.750591e-05,28
1.752552e-05,28
1.754513e-05,28
1.756474e-05,28
1.758434e-05,28
1.760395e-05,26
1.762356e-05,25
1.764317e-05,23
1.766277e-05,23
1.768238e-05,22
1.770199e-05,20
1.772160e-05,19
1.774121e-05,18
1.776081e-05,16
1.778042e-05,16
1.780003e-05,14
1.781964e-05,12
1.783925e-05,12
1.785885e-05,10
1.787846e-05,9
1.789807e-05,8
1.791768e-05,7
1.793728e-05,6
1.795689e-05,5
1.797650e-05,4
1.799611e-05,3
1.801572e-05,3
1.803532e-05,2
1.805493e-05,1
1.807454e-05,1
1.809415e-05,0
1.811376e-05,1
1.813336e-05,0
1.815297e-05,0
1.817258e-05,0
1.819219e-05,0
1.821179e-05,1
1.823140e-05,1
1.825101e-05,1
1.827062e-05,2
1.829023e-05,2
1.830983e-05,4
1.832944e-05,3
1.834905e-05,5
1.836866e-05,6
1.838826e-05,6
1.840787e-05,8
1.842748e-05,9
1.844709e-05,10
1.846670e-05,11
1.848630e-05,13
1.850591e-05,13
1.852552e-05,15
1.854513e-05,17
1.856474e-05,17
1.858434e-05,19
1.860395e-05,20
1.862356e-05,21
1.864317e-05,23
1.866277e-05,23
1.868238e-05,25
1.870199e-05,26
1.872160e-05,26
1.874121e-05,28
1.876081e-05,28
1.878042e-05,28
1.880003e-05,28
1.881964e-05,28
1.883925e-05,28
1.885885e-05,28
1.887846e-05,28
1.889807e-05,28
1.891768e-05,28
1.893728e-05,28
1.895689e-05,28
1.897650e-05,28
1.899611e-05,28
1.901572e-05,28
1.903532e-05,28
1.905493e-05,28
1.907454e-05,28
1.909415e-05,28
1.911376e-05,28
1.913336e-05,27
1.915297e-05,26
1.917258e-05,25
1.919219e-05,23
1.921179e-05,23
1.923140e-05,21
1.925101e-05,20
1.927062e-05,19
1.929023e-05,17
1.930983e-05,17
1.932944e-05,15
1.934905e-05,13
1.936866e-05,13
1.938826e-05,11
1.940787e-05,10
1.942748e-05,9
1.944709e-05,7
1.946670e-05,7
1.948630e-05,6
1.950591e-05,4
1.952552e-05,4
1.954513e-05,3
1.956474e-05,3
1.958434e-05,1
1.960395e-05,2
1.962356e-05,1
1.964317e-05,0
1.966277e-05,0
1.968238e-05,1
1.970199e-05,0
1.972160e-05,0
1.974121e-05,0
1.976081e-05,1
1.978042e-05,1
1.980003e-05,2
1.981964e-05,2
1.983925e-05,2
1.985885e-05,3
1.987846e-05,4
1.989807e-05,5
1.991768e-05,6
1.993728e-05,7
1.995689e-05,8
1.997650e-05,9
1.999611e-05,11
2.001572e-05,11
2.003532e-05,13
2.005493e-05,14
2.007454e-05,15
2.009415e-05,17
2.011376e-05,17
2.013336e-05,19
2.015297e-05,21
2.017258e-05,21
2.019219e-05,23
2.021179e-05,24
2.023140e-05,25
2.025101e-05,26
2.027062e-05,27
2.029023e-05,28
2.030983e-05,28
2.032944e-05,28
2.034905e-05,28
2.036866e-05,28
2.038826e-05,28
2.040787e-05,28
2.042748e-05,28
2.044709e-05,28
2.046670e-05,28
2.048630e-05,28
2.050591e-05,28
2.052552e-05,28
2.054513e-05,28
2.056474e-05,28
2.058434e-05,28
2.060395e-05,28
2.062356e-05,28
2.064317e-05,28
2.066277e-05,28
2.068238e-05,27
2.070199e-05,25
2.072160e-05,25
2.074121e-05,23
2.076081e-05,22
2.078042e-05,21
2.080003e-05,20
2.081964e-05,18
2.083925e-05,18
2.085885e-05,16
2.087846e-05,14
2.089807e-05,14
2.091768e-05,12
2.093728e-05,11
2.095689e-05,10
2.097650e-05,8
2.099611e-05,8
2.101572e-05,6
2.103532e-05,5
2.105493e-05,5
2.107454e-05,4
2.109415e-05,3
2.111376e-05,2
2.113336e-05,1
2.115297e-05,1
2.117258e-05,1
2.119219e-05,1
2.121179e-05,0
2.123140e-05,0
2.125101e-05,0
2.127062e-05,0
2.129023e-05,1
2.130983e-05,1
2.132944e-05,1
2.134905e-05,1
2.136866e-05,2
2.138826e-05,3
2.140787e-05,3
2.142748e-05,5
2.144709e-05,5
2.146670e-05,6
2.148630e-05,7
2.150591e-05,8
2.152552e-05,10
2.154513e-05,10
2.156474e-05,12
2.158434e-05,13
2.160395e-05,14
2.162356e-05,16
2.164317e-05,17
2.166277e-05,18
2.168238e-05,19
2.170199e-05,21
2.172160e-05,22
2.174121e-05,23
2.176081e-05,24
2.178042e-05,25
2.180003e-05,26
2.181964e-05,27
2.183925e-05,28
2.185885e-05,28
2.187846e-05,28
2.189807e-05,28
2.191768e-05,28
2.193728e-05,28
2.195689e-05,28
2.197650e-05,28
2.199611e-05,28
2.201572e-05,28
2.203532e-05,28
2.205493e-05,28
2.207454e-05,28
